Date,Last,Settlement Price,Change,% Change,Bid,Ask,Open Interest,CVol,Open,High,Low
07/31/20,5.31,5.31,0.02,0.33,5.31,5.31,"185,655.00",44131,5.29,5.35,5.29
07/30/20,5.29,5.30,-0.03,-0.61,5.29,5.29,"186,779.00",44413,5.32,5.35,5.25
07/29/20,5.33,5.33,0.09,1.77,5.33,5.33,"185,642.00",40067,5.24,5.33,5.24
07/28/20,5.24,5.24,-0.04,-0.81,5.24,5.24,"186,475.00",48774,5.27,5.30,5.19
07/27/20,5.27,5.28,-0.12,-2.18,5.27,5.27,"186,372.00",45729,5.39,5.39,5.26
07/24/20,5.40,5.40,0.10,1.89,5.40,5.40,"189,916.00",61238,5.31,5.44,5.30
07/23/20,5.30,5.30,-0.05,-0.94,5.30,5.31,"192,889.00",45752,5.35,5.36,5.27
07/22/20,5.34,5.35,0.07,1.28,5.34,5.34,"192,590.00",57355,5.26,5.40,5.24
07/21/20,5.27,5.28,0.06,1.10,5.27,5.28,"195,940.00",58703,5.21,5.32,5.19
07/20/20,5.22,5.22,-0.13,-2.38,5.22,5.22,"199,573.00",81905,5.35,5.35,5.17
07/17/20,5.35,5.35,0.00,-0.09,5.35,5.36,"203,255.00",50417,5.36,5.40,5.31
07/16/20,5.36,5.35,-0.16,-2.81,5.36,5.36,"207,651.00",91056,5.50,5.52,5.34
07/15/20,5.52,5.51,0.24,4.56,5.51,5.52,"202,557.00",93618,5.27,5.52,5.27
07/14/20,5.28,5.27,0.02,0.38,5.27,5.28,"200,062.00",55728,5.24,5.34,5.23
07/13/20,5.24,5.25,-0.09,-1.73,5.24,5.25,"204,139.00",75642,5.28,5.36,5.22
07/10/20,5.35,5.34,0.09,1.71,5.35,5.35,"204,378.00",122383,5.24,5.39,5.21
07/09/20,5.24,5.25,0.08,1.65,5.24,5.24,"215,940.00",120666,5.17,5.31,5.16
07/08/20,5.17,5.17,0.21,4.29,5.17,5.17,"221,059.00",104938,4.96,5.18,4.95
07/07/20,4.96,4.95,0.02,0.41,4.96,4.96,"221,459.00",58987,4.94,5.00,4.90
07/06/20,4.94,4.93,0.01,0.25,4.93,4.94,"219,967.00",43742,4.94,4.97,4.88
07/02/20,4.92,4.92,-0.07,-1.35,4.92,4.93,"223,330.00",38241,4.98,4.99,4.89
07/01/20,4.99,4.99,0.07,1.42,4.99,4.99,"219,448.00",70792,4.92,5.00,4.89
06/30/20,4.92,4.92,0.05,1.08,4.92,4.92,"220,951.00",75800,4.86,4.99,4.81
06/29/20,4.86,4.87,0.11,2.26,4.86,4.87,"220,241.00",79743,4.75,4.92,4.75
06/26/20,4.76,4.76,-0.13,-2.56,4.75,4.76,"216,757.00",93035,4.88,4.89,4.71
06/25/20,4.87,4.88,0.03,0.51,4.87,4.87,"215,521.00",82290,4.83,4.92,4.83
06/24/20,4.85,4.86,-0.05,-1.07,4.85,4.85,"212,023.00",43423,4.91,4.93,4.85
06/23/20,4.91,4.91,0.02,0.31,4.91,4.91,"204,698.00",54310,4.90,4.93,4.84
06/22/20,4.90,4.90,0.08,1.71,4.90,4.90,"199,657.00",52349,4.85,4.91,4.82
06/19/20,4.82,4.81,-0.02,-0.47,4.81,4.82,"75,819.00",54755,4.83,4.86,4.76
06/18/20,4.83,4.84,-0.05,-1.07,4.83,4.83,"81,527.00",50119,4.89,4.92,4.81
06/17/20,4.89,4.89,-0.07,-1.46,4.89,4.89,"90,094.00",58660,4.95,4.96,4.87
06/16/20,4.96,4.96,-0.09,-1.73,4.96,4.96,"93,790.00",65931,5.07,5.07,4.91
06/15/20,5.04,5.05,0.03,0.55,5.04,5.05,"102,009.00",49291,5.00,5.06,4.98
06/12/20,5.01,5.02,0.03,0.55,5.01,5.01,"109,124.00",68425,4.99,5.05,4.95
06/11/20,4.99,4.99,-0.07,-1.38,4.99,4.99,"115,638.00",84848,5.09,5.09,4.99
06/10/20,5.08,5.06,0.02,0.35,5.07,5.08,"130,815.00",70258,5.05,5.10,5.03
06/09/20,5.04,5.05,-0.07,-1.37,5.04,5.04,"149,548.00",96699,5.12,5.14,5.01
06/08/20,5.12,5.12,-0.04,-0.73,5.12,5.12,"168,471.00",83471,5.17,5.18,5.09
06/05/20,5.15,5.15,-0.08,-1.62,5.15,5.16,"187,027.00",93436,5.27,5.28,5.13
06/04/20,5.25,5.24,0.12,2.29,5.25,5.25,"192,321.00",71948,5.12,5.29,5.12
06/03/20,5.12,5.12,0.04,0.79,5.12,5.12,"197,137.00",66910,5.10,5.16,5.07
06/02/20,5.09,5.08,-0.07,-1.41,5.09,5.09,"203,787.00",73691,5.17,5.17,5.07
06/01/20,5.16,5.15,-0.05,-1.06,5.15,5.16,"205,041.00",59191,5.20,5.21,5.12
05/29/20,5.22,5.21,0.06,1.21,5.22,5.22,"201,216.00",50836,5.14,5.22,5.12
05/28/20,5.15,5.15,0.10,1.98,5.14,5.15,"204,684.00",60881,5.05,5.19,5.04
05/27/20,5.05,5.05,-0.02,-0.44,5.05,5.05,"203,949.00",39574,5.08,5.12,5.01
05/26/20,5.08,5.07,-0.02,-0.39,5.08,5.08,"206,314.00",46625,5.04,5.12,5.04
05/22/20,5.09,5.09,-0.07,-1.41,5.09,5.09,"208,014.00",56551,5.15,5.16,5.03
05/21/20,5.16,5.16,0.02,0.44,5.16,5.16,"209,402.00",75219,5.15,5.24,5.12
05/20/20,5.15,5.14,0.15,3.01,5.15,5.15,"201,058.00",87800,5.00,5.18,4.96
05/19/20,4.99,4.99,0.02,0.35,4.99,4.99,"200,524.00",43782,4.97,5.02,4.96
05/18/20,4.98,4.97,-0.03,-0.65,4.97,4.98,"198,564.00",42218,5.02,5.03,4.94
05/15/20,5.00,5.00,-0.02,-0.40,5.00,5.00,"195,897.00",49768,5.03,5.08,4.98
05/14/20,5.03,5.02,0.00,0.10,5.02,5.03,"193,595.00",44141,5.00,5.06,4.97
05/13/20,5.02,5.02,-0.13,-2.48,5.02,5.02,"190,586.00",58350,5.14,5.14,5.00
05/12/20,5.14,5.15,-0.03,-0.53,5.14,5.14,"187,653.00",56300,5.18,5.18,5.08
05/11/20,5.17,5.17,-0.05,-0.91,5.17,5.17,"188,087.00",50116,5.24,5.28,5.16
05/08/20,5.23,5.22,0.00,-0.10,5.22,5.23,"190,635.00",35345,5.19,5.25,5.17
05/07/20,5.21,5.23,0.05,0.97,5.21,5.21,"192,998.00",49199,5.17,5.27,5.17
05/06/20,5.16,5.18,-0.03,-0.62,5.16,5.17,"194,393.00",41049,5.20,5.22,5.13
05/05/20,5.20,5.21,0.01,0.24,5.20,5.20,"193,478.00",48146,5.18,5.23,5.12
05/04/20,5.21,5.20,0.03,0.58,5.21,5.21,"191,862.00",63198,5.10,5.21,5.06
05/01/20,5.16,5.17,-0.08,-1.48,5.16,5.16,"190,359.00",39109,5.23,5.23,5.14
04/30/20,5.24,5.24,0.08,1.50,5.24,5.24,"186,820.00",67217,5.17,5.25,5.07
04/29/20,5.16,5.17,-0.09,-1.81,5.16,5.16,"183,595.00",59885,5.26,5.26,5.11
04/28/20,5.26,5.26,0.01,0.24,5.26,5.27,"180,397.00",47579,5.27,5.32,5.20
04/27/20,5.24,5.25,-0.06,-1.08,5.24,5.24,"179,166.00",58311,5.33,5.33,5.21
04/24/20,5.33,5.31,-0.14,-2.62,5.33,5.33,"176,288.00",71750,5.48,5.50,5.29
04/23/20,5.46,5.45,0.01,0.18,5.46,5.47,"173,075.00",57685,5.43,5.52,5.39
04/22/20,5.44,5.44,-0.03,-0.46,5.44,5.44,"174,086.00",52877,5.47,5.49,5.37
04/21/20,5.47,5.46,-0.01,-0.23,5.47,5.47,"174,507.00",54190,5.51,5.55,5.41
04/20/20,5.46,5.48,0.14,2.58,5.46,5.46,"171,152.00",75375,5.36,5.62,5.36
04/17/20,5.35,5.34,0.03,0.61,5.35,5.36,"170,079.00",43714,5.29,5.36,5.25
04/16/20,5.29,5.31,-0.10,-1.85,5.29,5.29,"167,133.00",52527,5.40,5.44,5.29
04/15/20,5.40,5.41,-0.09,-1.68,5.40,5.41,"161,063.00",74909,5.48,5.50,5.32
04/14/20,5.50,5.50,-0.05,-0.95,5.49,5.50,"150,750.00",63690,5.56,5.57,5.46
04/13/20,5.55,5.55,-0.02,-0.27,5.55,5.55,"85,415.00",53253,5.61,5.65,5.53
04/09/20,5.58,5.57,0.08,1.50,5.58,5.59,"100,951.00",63609,5.49,5.59,5.47
04/08/20,5.50,5.48,-0.01,-0.18,5.49,5.50,"116,017.00",57533,5.51,5.56,5.45
04/07/20,5.49,5.49,-0.07,-1.17,5.49,5.50,"129,544.00",67148,5.55,5.56,5.45
04/06/20,5.56,5.56,0.07,1.18,5.56,5.56,"132,715.00",44545,5.50,5.62,5.50
04/03/20,5.52,5.49,0.07,1.38,5.51,5.52,"131,975.00",44941,5.42,5.57,5.42
04/02/20,5.44,5.42,-0.08,-1.54,5.44,5.44,"135,324.00",46926,5.50,5.53,5.38
04/01/20,5.51,5.50,-0.18,-3.25,5.51,5.52,"142,033.00",67309,5.67,5.72,5.47
03/31/20,5.68,5.69,-0.01,-0.13,5.68,5.68,"140,470.00",66203,5.70,5.75,5.64
03/30/20,5.69,5.70,-0.02,-0.31,5.69,5.70,"139,019.00",57513,5.72,5.81,5.63
03/27/20,5.73,5.71,0.02,0.40,5.72,5.73,"141,964.00",87575,5.70,5.87,5.64
03/26/20,5.69,5.69,-0.11,-1.90,5.69,5.69,"145,711.00",76661,5.80,5.83,5.65
03/25/20,5.80,5.80,0.18,3.29,5.80,5.80,"143,604.00",97558,5.60,5.83,5.57
03/24/20,5.61,5.62,-0.01,-0.18,5.61,5.61,"146,555.00",67261,5.61,5.63,5.50
03/23/20,5.62,5.63,0.23,4.31,5.62,5.62,"144,811.00",86808,5.40,5.63,5.37
03/20/20,5.40,5.39,0.04,0.79,5.40,5.41,"147,939.00",71442,5.35,5.47,5.33
03/19/20,5.35,5.35,0.27,5.26,5.35,5.35,"152,699.00",103082,5.09,5.41,5.09
03/18/20,5.06,5.08,0.09,1.80,5.06,5.07,"159,151.00",65279,5.01,5.12,4.95
03/17/20,4.99,4.99,0.01,0.25,4.99,4.99,"170,338.00",65543,4.96,5.07,4.95
03/16/20,4.98,4.98,-0.08,-1.58,4.98,4.98,"179,568.00",78982,5.03,5.07,4.92
03/13/20,5.05,5.06,0.00,0.10,5.05,5.06,"183,077.00",69365,5.05,5.14,5.00
03/12/20,5.06,5.06,-0.07,-1.41,5.05,5.06,"189,118.00",79121,5.11,5.11,4.97
03/11/20,5.12,5.13,-0.09,-1.82,5.12,5.13,"192,702.00",58877,5.22,5.25,5.12
03/10/20,5.22,5.22,0.04,0.67,5.22,5.22,"189,932.00",69063,5.20,5.25,5.14
03/09/20,5.21,5.19,0.03,0.58,5.21,5.21,"191,361.00",89038,5.09,5.23,5.06
03/06/20,5.14,5.16,-0.03,-0.58,5.13,5.14,"190,645.00",55240,5.18,5.21,5.14
03/05/20,5.18,5.19,0.00,0.10,5.18,5.18,"190,447.00",58506,5.20,5.24,5.15
03/04/20,5.19,5.18,-0.09,-1.71,5.18,5.19,"190,560.00",56772,5.25,5.26,5.17
03/03/20,5.28,5.27,0.04,0.76,5.27,5.28,"197,121.00",72326,5.24,5.34,5.21
03/02/20,5.24,5.23,-0.02,-0.33,5.24,5.24,"203,082.00",77386,5.20,5.29,5.18
02/28/20,5.25,5.25,-0.03,-0.47,5.13,5.14,"207,397.00",72565,5.26,5.27,5.13
02/27/20,5.26,5.28,-0.08,-1.54,5.26,5.27,"207,741.00",70392,5.35,5.35,5.26
02/26/20,5.36,5.36,-0.01,-0.23,5.36,5.36,"209,648.00",60616,5.37,5.40,5.33
02/25/20,5.39,5.37,0.02,0.42,5.39,5.39,"214,705.00",75522,5.37,5.40,5.29
02/24/20,5.36,5.35,-0.17,-3.12,5.36,5.36,"210,274.00",101992,5.52,5.52,5.33
02/21/20,5.53,5.52,-0.07,-1.30,5.53,5.53,"202,404.00",86875,5.59,5.68,5.51
02/20/20,5.59,5.59,-0.06,-1.06,5.59,5.59,"195,967.00",56296,5.63,5.65,5.57
02/19/20,5.66,5.65,-0.02,-0.26,5.66,5.66,"96,326.00",68274,5.63,5.66,5.53
02/18/20,5.67,5.67,0.24,4.42,5.67,5.67,"105,132.00",123526,5.49,5.71,5.48
02/14/20,5.45,5.43,-0.01,-0.28,5.45,5.45,"114,870.00",63124,5.45,5.50,5.42
02/13/20,5.45,5.44,-0.03,-0.59,5.45,5.45,"123,085.00",85047,5.49,5.51,5.41
02/12/20,5.48,5.48,0.05,1.01,5.47,5.48,"138,418.00",91895,5.41,5.49,5.38
02/11/20,5.41,5.42,-0.10,-1.81,5.41,5.41,"170,218.00",166632,5.52,5.52,5.39
02/10/20,5.51,5.52,-0.07,-1.21,5.51,5.51,"190,331.00",100463,5.59,5.61,5.51
02/07/20,5.59,5.59,0.03,0.45,5.59,5.59,"199,474.00",64891,5.57,5.63,5.53
02/06/20,5.56,5.56,-0.06,-1.02,5.56,5.57,"204,661.00",51963,5.64,5.66,5.56
02/05/20,5.61,5.62,0.05,0.85,5.61,5.62,"207,461.00",52869,5.59,5.64,5.56
02/04/20,5.58,5.57,0.02,0.32,5.58,5.58,"207,787.00",69486,5.54,5.64,5.54
02/03/20,5.54,5.56,0.02,0.32,5.54,5.54,"208,575.00",83000,5.51,5.58,5.47
01/31/20,5.54,5.54,-0.07,-1.20,5.53,5.54,"207,646.00",63922,5.63,5.66,5.53
01/30/20,5.60,5.61,-0.02,-0.31,5.60,5.61,"207,379.00",77794,5.63,5.63,5.51
01/29/20,5.62,5.62,-0.08,-1.32,5.62,5.62,"210,168.00",55030,5.71,5.73,5.61
01/28/20,5.69,5.70,-0.03,-0.44,5.69,5.69,"208,861.00",56857,5.73,5.77,5.66
01/27/20,5.73,5.72,-0.01,-0.22,5.73,5.73,"210,424.00",78994,5.68,5.73,5.60
01/24/20,5.72,5.74,-0.07,-1.21,5.72,5.72,"217,735.00",58501,5.82,5.82,5.70
01/23/20,5.79,5.81,0.03,0.48,5.79,5.80,"220,540.00",55850,5.78,5.83,5.75
01/22/20,5.77,5.78,-0.04,-0.64,5.77,5.78,"224,315.00",84471,5.82,5.93,5.75
01/21/20,5.83,5.82,0.11,1.93,5.82,5.83,"219,445.00",69900,5.73,5.83,5.67
01/17/20,5.71,5.71,0.05,0.93,5.71,5.71,"216,971.00",54666,5.66,5.73,5.64
01/16/20,5.66,5.65,-0.08,-1.40,5.65,5.66,"219,675.00",58192,5.74,5.74,5.60
01/15/20,5.74,5.73,0.05,0.84,5.74,5.74,"215,756.00",78783,5.69,5.79,5.68
01/14/20,5.69,5.69,0.06,1.11,5.69,5.69,"217,007.00",69294,5.62,5.73,5.59
01/13/20,5.61,5.62,-0.02,-0.40,5.61,5.61,"217,589.00",51064,5.65,5.66,5.59
01/10/20,5.64,5.65,0.02,0.40,5.64,5.65,"216,290.00",92633,5.63,5.69,5.56
01/09/20,5.63,5.62,0.09,1.72,5.63,5.63,"215,415.00",66455,5.54,5.64,5.53
01/08/20,5.54,5.53,0.02,0.45,5.53,5.54,"215,530.00",51322,5.50,5.56,5.45
01/07/20,5.51,5.50,0.00,0.05,5.51,5.51,"214,312.00",41346,5.50,5.51,5.46
01/06/20,5.51,5.50,-0.04,-0.81,5.51,5.51,"213,021.00",47904,5.53,5.55,5.47
01/03/20,5.55,5.55,-0.06,-1.03,5.55,5.55,"214,925.00",44180,5.61,5.62,5.52
01/02/20,5.60,5.60,0.01,0.27,5.59,5.60,"210,979.00",49931,5.60,5.68,5.58
12/31/19,5.60,5.59,0.03,0.49,5.59,5.60,"210,773.00",38466,5.55,5.60,5.53
12/30/19,5.56,5.56,0.00,-0.04,5.55,5.56,"209,650.00",42485,5.60,5.65,5.52
12/27/19,5.58,5.56,0.07,1.32,5.57,5.58,"207,504.00",52110,5.50,5.61,5.49
12/26/19,5.50,5.49,0.08,1.48,5.50,5.51,"206,796.00",30244,5.41,5.52,5.40
12/24/19,5.41,5.41,0.02,0.28,5.40,5.43,"207,934.00",21559,5.40,5.45,5.39
12/23/19,5.40,5.40,-0.03,-0.51,5.40,5.40,"208,685.00",33261,5.43,5.47,5.39
12/20/19,5.43,5.42,-0.03,-0.55,5.42,5.43,"210,519.00",44101,5.45,5.49,5.39
12/19/19,5.46,5.45,-0.03,-0.55,5.46,5.46,"213,123.00",39716,5.48,5.54,5.44
12/18/19,5.48,5.48,-0.08,-1.44,5.48,5.48,"213,452.00",56331,5.53,5.55,5.45
12/17/19,5.54,5.56,0.07,1.18,5.54,5.54,"211,912.00",68511,5.53,5.57,5.45
12/16/19,5.49,5.50,0.17,3.24,5.49,5.50,"204,412.00",95740,5.35,5.57,5.35
12/13/19,5.33,5.33,0.02,0.42,5.32,5.33,"205,238.00",65491,5.33,5.36,5.26
12/12/19,5.27,5.30,0.11,2.12,5.26,5.27,"203,086.00",65231,5.18,5.27,5.16
12/11/19,5.19,5.19,-0.04,-0.86,5.19,5.19,"204,540.00",47524,5.24,5.24,5.17
12/10/19,5.23,5.24,0.01,0.19,5.23,5.23,"205,163.00",43615,5.23,5.28,5.19
12/09/19,5.23,5.23,-0.02,-0.33,5.23,5.23,"202,473.00",43599,5.24,5.26,5.20
12/06/19,5.24,5.25,0.01,0.14,5.23,5.24,"203,103.00",44178,5.24,5.27,5.19
12/05/19,5.24,5.24,-0.04,-0.71,5.24,5.24,"201,315.00",40864,5.28,5.30,5.23
12/04/19,5.28,5.28,0.02,0.43,5.28,5.28,"204,460.00",46872,5.25,5.30,5.22
12/03/19,5.26,5.25,-0.10,-1.87,5.25,5.26,"204,453.00",82267,5.38,5.41,5.24
12/02/19,5.38,5.35,-0.07,-1.20,5.37,5.38,"202,167.00",69179,5.43,5.44,5.34
11/29/19,5.42,5.42,0.15,2.85,5.42,5.43,"195,174.00",64823,5.30,5.46,5.27
11/27/19,5.26,5.27,-0.04,-0.80,5.26,5.27,"191,610.00",55141,5.31,5.33,5.26
11/26/19,5.31,5.31,-0.02,-0.38,5.31,5.31,"195,766.00",74316,5.33,5.33,5.26
11/25/19,5.32,5.33,0.14,2.75,5.32,5.32,"185,664.00",97627,5.19,5.35,5.19
11/22/19,5.18,5.19,0.07,1.32,5.18,5.18,"180,641.00",59121,5.12,5.22,5.11
11/21/19,5.11,5.12,-0.07,-1.30,5.11,5.11,"179,072.00",56828,5.18,5.23,5.11
11/20/19,5.18,5.19,0.07,1.32,5.18,5.18,"175,209.00",45707,5.15,5.19,5.12
11/19/19,5.12,5.12,0.05,0.94,5.12,5.12,"90,849.00",69373,5.06,5.15,5.06
11/18/19,5.07,5.07,0.04,0.90,5.07,5.07,"102,405.00",59866,5.03,5.11,4.99
11/15/19,5.03,5.03,-0.05,-0.98,5.02,5.03,"109,422.00",50343,5.08,5.09,5.02
11/14/19,5.08,5.08,-0.01,-0.25,5.07,5.08,"119,608.00",53537,5.09,5.12,5.06
11/13/19,5.09,5.09,-0.08,-1.55,5.09,5.09,"133,425.00",72652,5.17,5.17,5.07
11/12/19,5.17,5.17,0.11,2.22,5.17,5.17,"145,534.00",78046,5.06,5.17,5.05
11/11/19,5.07,5.06,-0.04,-0.88,5.06,5.07,"160,491.00",78285,5.08,5.11,5.04
11/08/19,5.10,5.10,-0.02,-0.44,5.10,5.10,"172,560.00",79538,5.13,5.18,5.06
11/07/19,5.12,5.13,-0.04,-0.82,5.12,5.13,"180,294.00",71045,5.18,5.20,5.11
11/06/19,5.17,5.17,0.02,0.29,5.17,5.17,"183,352.00",62209,5.16,5.22,5.14
11/05/19,5.16,5.15,0.05,1.08,5.16,5.16,"186,533.00",51553,5.11,5.16,5.09
11/04/19,5.10,5.10,-0.06,-1.21,5.10,5.10,"189,334.00",39525,5.14,5.15,5.08
11/01/19,5.15,5.16,0.07,1.43,5.15,5.15,"190,916.00",53598,5.09,5.17,5.07
10/31/19,5.09,5.09,0.00,-0.10,5.09,5.09,"194,390.00",63621,5.10,5.12,5.01
10/30/19,5.10,5.09,-0.02,-0.44,5.10,5.10,"195,063.00",35336,5.11,5.14,5.07
10/29/19,5.12,5.12,0.00,-0.05,5.12,5.12,"195,377.00",51562,5.13,5.16,5.08
10/28/19,5.13,5.12,-0.06,-1.16,5.13,5.13,"196,763.00",50217,5.18,5.19,5.10
10/25/19,5.16,5.18,0.02,0.34,5.16,5.17,"201,241.00",40230,5.17,5.22,5.15
10/24/19,5.17,5.16,-0.05,-0.91,5.17,5.17,"203,292.00",36210,5.23,5.24,5.16
10/23/19,5.22,5.21,0.03,0.53,5.21,5.22,"205,846.00",42796,5.18,5.24,5.16
10/22/19,5.18,5.18,-0.06,-1.05,5.18,5.18,"207,714.00",52259,5.23,5.32,5.17
10/21/19,5.24,5.24,-0.09,-1.64,5.24,5.24,"209,319.00",53543,5.32,5.35,5.23
10/18/19,5.31,5.32,0.07,1.28,5.31,5.31,"210,278.00",56244,5.26,5.33,5.21
10/17/19,5.25,5.26,0.12,2.39,5.25,5.25,"211,022.00",66632,5.14,5.27,5.13
10/16/19,5.14,5.13,0.06,1.23,5.14,5.14,"208,830.00",48997,5.06,5.14,5.05
10/15/19,5.07,5.07,-0.04,-0.78,5.07,5.07,"209,191.00",38047,5.10,5.11,5.04
10/14/19,5.11,5.11,0.03,0.59,5.11,5.11,"207,466.00",52203,5.13,5.15,5.07
10/11/19,5.10,5.08,0.15,3.04,5.10,5.10,"203,482.00",84743,4.92,5.13,4.91
10/10/19,4.91,4.93,-0.07,-1.45,4.91,4.92,"208,175.00",68283,5.00,5.04,4.88
10/09/19,5.01,5.00,0.00,0.00,5.01,5.02,"204,119.00",46017,5.01,5.05,4.97
10/08/19,5.01,5.00,0.11,2.25,5.00,5.01,"198,579.00",58655,4.90,5.02,4.87
10/07/19,4.90,4.89,-0.01,-0.25,4.90,4.90,"199,241.00",35058,4.92,4.95,4.89
10/04/19,4.91,4.91,0.02,0.36,4.91,4.91,"200,298.00",28757,4.89,4.92,4.87
10/03/19,4.89,4.89,0.00,-0.05,4.89,4.89,"202,207.00",31835,4.88,4.93,4.86
10/02/19,4.88,4.89,-0.10,-1.95,4.88,4.88,"202,893.00",55278,4.97,4.99,4.85
10/01/19,4.97,4.99,0.03,0.61,4.97,4.98,"204,840.00",59419,4.97,4.99,4.90
09/30/19,4.96,4.96,0.08,1.74,4.95,4.96,"203,875.00",78104,4.88,5.01,4.83
09/27/19,4.87,4.87,0.03,0.62,4.87,4.87,"205,355.00",36017,4.86,4.91,4.83
09/26/19,4.86,4.84,0.07,1.47,4.86,4.86,"201,086.00",47412,4.77,4.87,4.77
09/25/19,4.78,4.77,-0.04,-0.93,4.78,4.78,"201,123.00",34840,4.81,4.82,4.76
09/24/19,4.81,4.82,-0.01,-0.26,4.81,4.81,"201,637.00",38227,4.82,4.84,4.78
09/23/19,4.82,4.83,-0.01,-0.26,4.82,4.82,"201,797.00",28538,4.85,4.89,4.81
09/20/19,4.85,4.84,-0.04,-0.77,4.84,4.85,"206,639.00",39951,4.87,4.91,4.84
09/19/19,4.87,4.88,-0.01,-0.31,4.87,4.87,"206,181.00",49573,4.89,4.92,4.85
09/18/19,4.90,4.90,0.05,1.08,4.90,4.90,"206,364.00",49975,4.84,4.93,4.82
09/17/19,4.85,4.84,-0.04,-0.92,4.85,4.85,"207,723.00",49217,4.88,4.88,4.81
09/16/19,4.89,4.89,0.05,1.09,4.88,4.89,"208,805.00",48636,4.88,4.90,4.82
09/13/19,4.83,4.84,0.00,-0.05,4.83,4.83,"210,001.00",51154,4.86,4.91,4.81
09/12/19,4.84,4.84,0.06,1.31,4.84,4.84,"210,545.00",61936,4.79,4.86,4.73
09/11/19,4.77,4.78,-0.05,-0.98,4.77,4.77,"214,378.00",45850,4.82,4.83,4.75
09/10/19,4.83,4.82,0.08,1.63,4.83,4.83,"215,258.00",54835,4.76,4.84,4.74
09/09/19,4.75,4.75,0.11,2.32,4.75,4.75,"208,522.00",65370,4.61,4.76,4.60
09/06/19,4.63,4.64,-0.02,-0.54,4.63,4.63,"209,758.00",34573,4.66,4.67,4.60
09/05/19,4.67,4.66,0.05,1.19,4.67,4.67,"210,343.00",46422,4.61,4.70,4.60
09/04/19,4.61,4.61,0.07,1.60,4.60,4.61,"208,434.00",64935,4.54,4.65,4.54
09/03/19,4.55,4.54,-0.09,-1.95,4.54,4.55,"204,836.00",77118,4.63,4.63,4.51
08/30/19,4.61,4.63,-0.10,-2.17,4.61,4.62,"204,386.00",89670,4.73,4.73,4.59
08/29/19,4.73,4.73,-0.03,-0.53,4.73,4.73,"201,718.00",35366,4.75,4.78,4.72
08/28/19,4.76,4.75,-0.01,-0.31,4.76,4.76,"201,836.00",52036,4.77,4.78,4.69
08/27/19,4.78,4.77,0.01,0.32,4.78,4.78,"197,794.00",50570,4.75,4.80,4.73
08/26/19,4.75,4.75,-0.02,-0.52,4.75,4.75,"195,482.00",49041,4.76,4.81,4.73
08/23/19,4.77,4.78,0.06,1.27,4.77,4.78,"193,706.00",54997,4.71,4.79,4.66
08/22/19,4.72,4.72,0.04,0.80,4.72,4.72,"191,614.00",45884,4.68,4.75,4.66
08/21/19,4.69,4.68,0.01,0.32,4.68,4.69,"186,752.00",49860,4.67,4.69,4.62
08/20/19,4.65,4.67,-0.06,-1.27,4.65,4.65,"186,118.00",56375,4.71,4.78,4.64
08/19/19,4.71,4.73,-0.05,-1.05,4.71,4.71,"181,511.00",52631,4.75,4.77,4.71
08/16/19,4.77,4.78,0.08,1.81,4.76,4.77,"177,462.00",47884,4.76,4.79,4.74
08/15/19,4.70,4.69,-0.05,-1.00,4.70,4.70,"89,086.00",50555,4.76,4.77,4.69
08/14/19,4.75,4.74,0.02,0.37,4.75,4.75,"98,442.00",54940,4.75,4.80,4.71
08/13/19,4.73,4.72,0.00,0.05,4.73,4.73,"107,820.00",80015,4.71,4.79,4.66
08/12/19,4.73,4.72,-0.28,-5.56,4.72,4.73,"120,144.00",101997,5.00,5.02,4.67
08/09/19,5.00,5.00,0.01,0.20,5.00,5.01,"133,311.00",80313,4.98,5.05,4.96
08/08/19,4.99,4.99,0.10,2.10,4.98,4.99,"147,376.00",93527,4.90,5.03,4.86
08/07/19,4.90,4.88,0.04,0.88,4.90,4.90,"158,153.00",69547,4.84,4.90,4.78
08/06/19,4.85,4.84,-0.11,-2.12,4.85,4.85,"165,496.00",58659,4.93,4.96,4.83
08/05/19,4.94,4.95,0.04,0.76,4.94,4.94,"172,346.00",70664,4.90,4.95,4.79
08/02/19,4.91,4.91,0.04,0.72,4.91,4.91,"171,366.00",76637,4.79,4.92,4.76
08/01/19,4.75,4.87,0.00,0.00,4.75,4.75,"166,822.00",79618,4.87,4.89,4.74
07/31/19,4.87,4.87,-0.10,-2.01,4.87,4.87,"168,049.00",57737,4.98,5.01,4.85
07/30/19,4.97,4.97,-0.06,-1.24,4.97,4.97,"168,013.00",47667,5.02,5.03,4.95
07/29/19,5.03,5.04,0.08,1.51,5.02,5.03,"168,405.00",63097,4.95,5.07,4.93
07/26/19,4.96,4.96,-0.04,-0.70,4.96,4.96,"172,577.00",41871,5.00,5.00,4.94
07/25/19,5.00,5.00,0.02,0.35,5.00,5.00,"177,641.00",66902,4.98,5.08,4.92
07/24/19,4.97,4.98,0.11,2.15,4.97,4.97,"177,649.00",61740,4.87,4.99,4.87
07/23/19,4.87,4.87,0.00,0.00,4.87,4.88,"178,317.00",57807,4.88,4.94,4.83
07/22/19,4.88,4.87,-0.15,-3.03,4.88,4.88,"177,714.00",69561,5.05,5.05,4.87
07/19/19,5.04,5.03,0.09,1.82,5.03,5.04,"176,930.00",67722,4.95,5.17,4.93
07/18/19,4.94,4.94,-0.12,-2.37,4.94,4.94,"174,504.00",59023,5.04,5.05,4.93
07/17/19,5.05,5.06,-0.02,-0.39,5.05,5.05,"174,525.00",40000,5.07,5.14,5.02
07/16/19,5.08,5.08,0.00,-0.05,5.08,5.08,"173,649.00",51260,5.08,5.10,5.01
07/15/19,5.09,5.08,-0.15,-2.92,5.09,5.09,"172,433.00",68193,5.24,5.32,5.06
07/12/19,5.23,5.23,0.02,0.29,5.23,5.24,"174,300.00",60976,5.22,5.26,5.17
07/11/19,5.21,5.22,0.17,3.32,5.21,5.21,"173,924.00",84189,5.05,5.23,5.00
07/10/19,5.05,5.05,0.02,0.40,5.05,5.05,"177,356.00",63653,5.00,5.07,4.98
07/09/19,5.02,5.03,-0.08,-1.61,5.02,5.02,"177,380.00",69446,5.10,5.11,4.99
07/08/19,5.11,5.11,-0.04,-0.78,5.11,5.12,"175,385.00",60682,5.18,5.19,5.07
07/05/19,5.17,5.15,0.01,0.19,5.17,5.17,"178,621.00",39894,5.14,5.17,5.05
07/03/19,5.14,5.14,0.11,2.14,5.12,5.14,"178,655.00",41703,5.02,5.15,5.01
07/02/19,5.03,5.03,-0.08,-1.66,5.03,5.03,"189,680.00",73244,5.12,5.16,5.01
07/01/19,5.11,5.12,-0.16,-2.94,5.11,5.11,"189,876.00",74333,5.30,5.31,5.09
06/28/19,5.26,5.27,-0.20,-3.57,5.26,5.27,"187,082.00",109135,5.46,5.55,5.23
06/27/19,5.46,5.47,0.00,0.05,5.46,5.46,"184,688.00",84424,5.47,5.57,5.42
06/26/19,5.47,5.47,0.06,1.20,5.47,5.47,"184,849.00",99292,5.40,5.48,5.36
06/25/19,5.40,5.40,-0.02,-0.46,5.40,5.40,"187,780.00",75328,5.45,5.50,5.38
06/24/19,5.43,5.43,0.12,2.21,5.43,5.43,"185,220.00",67039,5.31,5.45,5.27
06/21/19,5.31,5.31,-0.01,-0.19,5.31,5.31,"185,958.00",58849,5.33,5.35,5.28
06/20/19,5.32,5.32,0.09,1.82,5.32,5.32,"180,251.00",58249,5.25,5.35,5.20
06/19/19,5.22,5.22,-0.09,-1.74,5.22,5.22,"93,204.00",73042,5.30,5.31,5.14
06/18/19,5.31,5.32,-0.08,-1.48,5.31,5.32,"99,148.00",62463,5.40,5.41,5.25
06/17/19,5.39,5.40,0.01,0.19,5.39,5.39,"107,208.00",66171,5.40,5.49,5.38
06/14/19,5.40,5.39,0.03,0.56,5.40,5.40,"119,987.00",80190,5.36,5.44,5.31
06/13/19,5.36,5.36,0.09,1.76,5.36,5.37,"132,141.00",80265,5.26,5.37,5.25
06/12/19,5.27,5.26,0.08,1.59,5.26,5.27,"144,990.00",98892,5.20,5.28,5.13
06/11/19,5.18,5.18,0.10,2.07,5.18,5.18,"155,813.00",93396,5.04,5.19,5.00
06/10/19,5.07,5.08,0.03,0.59,5.07,5.07,"155,866.00",70587,5.05,5.09,4.93
06/07/19,5.04,5.05,-0.05,-1.08,5.03,5.04,"189,164.00",95648,5.11,5.13,5.02
06/06/19,5.12,5.10,0.19,3.92,5.12,5.12,"198,100.00",126522,4.92,5.14,4.88
06/05/19,4.92,4.91,-0.17,-3.25,4.92,4.93,"202,855.00",95346,5.07,5.09,4.89
06/04/19,5.06,5.07,-0.13,-2.41,5.06,5.06,"208,013.00",116942,5.26,5.29,5.01
06/03/19,5.20,5.20,0.17,3.33,5.20,5.21,"213,498.00",92329,5.06,5.23,5.03
05/31/19,5.05,5.03,-0.11,-2.24,5.05,5.05,"219,096.00",107970,5.15,5.20,5.01
05/30/19,5.14,5.15,0.24,4.89,5.14,5.14,"222,683.00",101106,4.89,5.15,4.82
05/29/19,4.88,4.91,-0.14,-2.82,4.88,4.88,"229,348.00",126551,5.15,5.22,4.88
05/28/19,5.04,5.05,0.15,3.12,5.03,5.04,"239,895.00",107854,4.95,5.09,4.95
05/24/19,4.90,4.90,0.19,4.09,4.90,4.91,"243,827.00",74194,4.70,4.91,4.67
05/23/19,4.69,4.70,-0.03,-0.53,4.69,4.70,"247,420.00",77144,4.73,4.86,4.66
05/22/19,4.72,4.73,-0.06,-1.25,4.72,4.73,"249,194.00",71570,4.76,4.81,4.69
05/21/19,4.76,4.79,0.00,0.10,4.76,4.76,"260,284.00",95535,4.86,4.93,4.74
05/20/19,4.81,4.78,0.13,2.85,4.80,4.81,"260,306.00",82318,4.70,4.84,4.68
05/17/19,4.63,4.65,-0.02,-0.43,4.63,4.64,"272,686.00",74170,4.69,4.73,4.63
05/16/19,4.68,4.67,0.18,4.07,4.68,4.69,"274,399.00",75268,4.46,4.69,4.46
05/15/19,4.49,4.49,0.00,0.06,4.48,4.49,"283,644.00",85023,4.52,4.64,4.47
05/14/19,4.51,4.49,0.12,2.63,4.50,4.51,"285,761.00",66451,4.41,4.51,4.38
05/13/19,4.36,4.37,0.12,2.88,4.36,4.36,"284,601.00",75443,4.26,4.41,4.19
05/10/19,4.25,4.25,-0.05,-1.11,4.24,4.25,"282,156.00",66092,4.32,4.34,4.22
05/09/19,4.29,4.30,-0.09,-2.16,4.29,4.29,"281,252.00",54140,4.38,4.38,4.28
05/08/19,4.38,4.39,0.00,-0.11,4.38,4.38,"281,253.00",48905,4.40,4.44,4.35
05/07/19,4.41,4.40,0.02,0.51,4.41,4.41,"281,314.00",55740,4.37,4.42,4.31
05/06/19,4.38,4.37,-0.01,-0.17,4.38,4.38,"280,418.00",46124,4.30,4.40,4.28
05/03/19,4.38,4.38,-0.06,-1.35,4.38,4.38,"283,472.00",47979,4.45,4.48,4.36
05/02/19,4.45,4.44,0.08,1.83,4.45,4.45,"285,175.00",63492,4.37,4.49,4.36
05/01/19,4.37,4.36,0.07,1.69,4.36,4.37,"285,180.00",58077,4.28,4.38,4.28
04/30/19,4.29,4.29,-0.07,-1.49,4.29,4.29,"280,392.00",68801,4.34,4.36,4.26
04/29/19,4.34,4.35,-0.07,-1.64,4.34,4.34,"280,515.00",72916,4.43,4.47,4.34
04/26/19,4.42,4.43,0.01,0.23,4.42,4.43,"267,328.00",53347,4.40,4.46,4.40
04/25/19,4.41,4.42,0.03,0.68,4.41,4.41,"267,456.00",65264,4.37,4.44,4.35
04/24/19,4.38,4.39,-0.07,-1.46,4.38,4.38,"259,336.00",66714,4.45,4.46,4.36
04/23/19,4.44,4.45,0.03,0.74,4.44,4.44,"242,613.00",78185,4.41,4.48,4.39
04/22/19,4.42,4.42,-0.06,-1.45,4.42,4.42,"242,636.00",59956,4.47,4.48,4.41
04/18/19,4.50,4.48,0.01,0.28,4.49,4.50,"231,069.00",59462,4.50,4.52,4.43
04/17/19,4.48,4.47,0.02,0.45,4.47,4.48,"84,067.00",42238,4.47,4.50,4.45
04/16/19,4.45,4.45,-0.14,-3.16,4.45,4.45,"102,776.00",90378,4.59,4.60,4.42
04/15/19,4.60,4.60,-0.05,-1.08,4.60,4.60,"118,242.00",79730,4.64,4.64,4.58
04/12/19,4.65,4.65,0.04,0.87,4.64,4.65,"126,422.00",64972,4.62,4.65,4.58
04/11/19,4.62,4.61,0.03,0.55,4.61,4.62,"126,427.00",78538,4.57,4.63,4.57
04/10/19,4.58,4.58,-0.01,-0.33,4.58,4.58,"144,182.00",65278,4.59,4.62,4.56
04/09/19,4.59,4.60,-0.06,-1.24,4.59,4.59,"158,124.00",89059,4.62,4.63,4.56
04/08/19,4.64,4.65,-0.03,-0.53,4.64,4.64,"173,685.00",83285,4.67,4.71,4.62
04/05/19,4.68,4.68,-0.03,-0.64,4.68,4.68,"205,527.00",83156,4.69,4.70,4.64
04/04/19,4.71,4.71,0.00,-0.05,4.71,4.71,"205,507.00",83156,4.71,4.78,4.68
04/03/19,4.71,4.71,0.07,1.51,4.71,4.72,"214,018.00",61886,4.63,4.73,4.63
04/02/19,4.64,4.64,0.01,0.27,4.64,4.64,"217,474.00",48157,4.64,4.66,4.56
04/01/19,4.63,4.63,0.05,1.09,4.63,4.63,"218,946.00",61267,4.60,4.68,4.56
03/29/19,4.59,4.58,-0.07,-1.45,4.59,4.60,"221,638.00",72175,4.64,4.65,4.53
03/28/19,4.64,4.65,-0.05,-1.06,4.64,4.64,"221,625.00",49566,4.69,4.69,4.60
03/27/19,4.70,4.70,0.00,0.05,4.69,4.70,"226,226.00",61160,4.70,4.72,4.67
03/26/19,4.70,4.69,0.00,-0.05,4.70,4.70,"226,595.00",83738,4.70,4.78,4.67
03/25/19,4.69,4.70,0.04,0.75,4.69,4.69,"233,058.00",59710,4.67,4.72,4.63
03/22/19,4.65,4.66,0.00,-0.11,4.65,4.65,"237,480.00",73007,4.66,4.74,4.64
03/21/19,4.65,4.67,0.02,0.38,4.65,4.65,"234,042.00",62807,4.65,4.68,4.58
03/20/19,4.65,4.65,0.08,1.81,4.64,4.65,"237,453.00",53591,4.57,4.65,4.55
03/19/19,4.57,4.57,0.00,-0.05,4.56,4.57,"236,844.00",53498,4.59,4.63,4.54
03/18/19,4.57,4.57,-0.05,-1.19,4.57,4.58,"234,462.00",58389,4.63,4.64,4.55
03/15/19,4.60,4.62,0.09,2.10,4.60,4.60,"235,487.00",67723,4.53,4.63,4.49
03/14/19,4.52,4.53,0.05,1.23,4.52,4.53,"235,485.00",82961,4.47,4.61,4.47
03/13/19,4.48,4.47,-0.06,-1.27,4.47,4.48,"240,830.00",86960,4.54,4.56,4.40
03/12/19,4.52,4.53,0.25,5.72,4.52,4.52,"246,836.00",128647,4.29,4.57,4.28
03/11/19,4.28,4.29,-0.11,-2.50,4.28,4.28,"247,135.00",79163,4.40,4.42,4.27
03/08/19,4.39,4.40,0.01,0.29,4.38,4.39,"249,556.00",76853,4.38,4.44,4.34
03/07/19,4.38,4.38,-0.12,-2.61,4.38,4.38,"246,182.00",82395,4.51,4.52,4.38
03/06/19,4.50,4.50,-0.13,-2.76,4.50,4.50,"246,182.00",63242,4.64,4.64,4.49
03/05/19,4.64,4.63,0.07,1.59,4.64,4.64,"242,225.00",54024,4.57,4.64,4.53
03/04/19,4.56,4.56,-0.02,-0.38,4.55,4.56,"237,352.00",63265,4.57,4.61,4.54
03/01/19,4.57,4.57,-0.02,-0.49,4.57,4.58,"236,277.00",90880,4.60,4.61,4.47
02/28/19,4.59,4.60,-0.07,-1.55,4.59,4.59,"234,166.00",64296,4.68,4.69,4.58
02/27/19,4.67,4.67,-0.01,-0.32,4.67,4.67,"231,336.00",64006,4.68,4.76,4.65
02/26/19,4.68,4.68,-0.04,-0.95,4.68,4.68,"224,015.00",101106,4.73,4.75,4.64
02/25/19,4.73,4.73,-0.19,-3.86,4.72,4.73,"216,962.00",110953,4.95,4.95,4.72
02/22/19,4.90,4.92,0.01,0.15,4.90,4.90,"208,807.00",69665,4.93,4.98,4.89
02/21/19,4.92,4.91,0.10,2.13,4.91,4.92,"203,380.00",84179,4.84,4.98,4.84
02/20/19,4.80,4.81,-0.09,-1.84,4.79,4.80,"89,149.00",78091,4.90,4.94,4.76
02/19/19,4.89,4.90,-0.15,-2.88,4.89,4.89,"96,146.00",74208,5.03,5.05,4.89
02/15/19,5.03,5.04,-0.03,-0.54,5.03,5.04,"102,542.00",79764,5.08,5.09,4.99
02/14/19,5.07,5.07,-0.15,-2.92,5.07,5.08,"109,819.00",103160,5.22,5.23,5.06
02/13/19,5.22,5.22,0.02,0.43,5.22,5.22,"126,925.00",77011,5.20,5.24,5.19
02/12/19,5.20,5.20,0.02,0.34,5.20,5.20,"140,753.00",82836,5.19,5.21,5.15
02/11/19,5.18,5.18,0.01,0.19,5.18,5.19,"153,793.00",85556,5.17,5.19,5.12
02/08/19,5.18,5.17,0.04,0.78,5.18,5.18,"172,918.00",112341,5.15,5.22,5.14
02/07/19,5.13,5.13,-0.13,-2.42,5.13,5.13,"185,099.00",112345,5.25,5.25,5.13
02/06/19,5.24,5.26,-0.01,-0.24,5.24,5.25,"185,132.00",73137,5.27,5.31,5.24
02/05/19,5.28,5.27,0.01,0.29,5.27,5.28,"199,887.00",73338,5.25,5.28,5.21
02/04/19,5.25,5.26,0.02,0.29,5.25,5.25,"209,028.00",74705,5.25,5.29,5.21
02/01/19,5.25,5.24,0.08,1.50,5.24,5.25,"212,426.00",83420,5.16,5.27,5.15
01/31/19,5.17,5.17,0.00,-0.05,5.16,5.17,"215,360.00",56309,5.18,5.20,5.14
01/30/19,5.18,5.17,0.04,0.68,5.18,5.18,"216,028.00",46572,5.13,5.18,5.12
01/29/19,5.14,5.13,-0.05,-1.06,5.14,5.14,"216,049.00",77727,5.18,5.22,5.11
01/28/19,5.18,5.19,-0.01,-0.24,5.18,5.19,"212,757.00",44012,5.21,5.24,5.16
01/25/19,5.21,5.20,-0.01,-0.29,5.21,5.21,"213,611.00",51098,5.21,5.23,5.17
01/24/19,5.21,5.22,-0.04,-0.86,5.21,5.22,"215,437.00",50940,5.27,5.29,5.21
01/23/19,5.27,5.26,0.05,0.91,5.27,5.27,"217,246.00",45101,5.23,5.27,5.22
01/22/19,5.22,5.21,0.04,0.68,5.22,5.22,"219,837.00",75782,5.18,5.26,5.14
01/18/19,5.17,5.18,0.00,0.00,5.17,5.17,"222,226.00",50525,5.20,5.23,5.15
01/17/19,5.18,5.18,0.05,1.02,5.18,5.19,"221,137.00",65567,5.12,5.23,5.09
01/16/19,5.12,5.13,0.01,0.29,5.12,5.12,"221,070.00",46812,5.11,5.17,5.11
01/15/19,5.12,5.11,-0.03,-0.63,5.11,5.12,"221,141.00",55274,5.15,5.18,5.08
01/14/19,5.15,5.14,-0.05,-1.01,5.15,5.15,"221,143.00",49124,5.20,5.24,5.13
01/11/19,5.20,5.20,0.06,1.12,5.20,5.20,"221,745.00",66720,5.14,5.24,5.13
01/10/19,5.14,5.14,-0.06,-1.20,5.14,5.14,"221,671.00",66720,5.20,5.20,5.12
01/09/19,5.20,5.20,0.02,0.43,5.20,5.20,"223,409.00",57344,5.20,5.24,5.18
01/08/19,5.19,5.18,0.01,0.19,5.19,5.19,"230,670.00",71731,5.17,5.25,5.14
01/07/19,5.17,5.17,0.00,-0.05,5.16,5.17,"229,028.00",41549,5.18,5.19,5.14
01/04/19,5.16,5.17,0.03,0.63,5.16,5.17,"230,928.00",44054,5.14,5.19,5.13
01/03/19,5.14,5.14,0.07,1.38,5.14,5.14,"236,912.00",48800,5.07,5.16,5.06
01/02/19,5.08,5.07,0.04,0.70,5.08,5.08,"234,569.00",46442,5.03,5.11,5.01
12/31/18,5.03,5.03,-0.08,-1.61,5.03,5.03,"228,114.00",36551,5.13,5.14,5.03
12/28/18,5.11,5.12,0.01,0.20,5.11,5.12,"225,538.00",36551,5.12,5.14,5.10
12/27/18,5.11,5.11,0.01,0.10,5.11,5.11,"222,818.00",32657,5.12,5.14,5.07
12/26/18,5.10,5.10,-0.07,-1.26,5.10,5.10,"221,276.00",32515,5.16,5.21,5.09
12/24/18,5.16,5.17,0.03,0.49,5.14,5.18,"223,589.00",22528,5.17,5.17,5.11
12/21/18,5.14,5.14,-0.10,-1.81,5.14,5.14,"224,569.00",21205,5.22,5.24,5.12
12/20/18,5.23,5.24,0.01,0.19,5.23,5.23,"225,997.00",45087,5.24,5.28,5.21
12/19/18,5.23,5.23,-0.10,-1.92,5.23,5.23,"228,145.00",49708,5.33,5.33,5.22
12/18/18,5.32,5.33,-0.03,-0.47,5.32,5.32,"231,075.00",40246,5.34,5.36,5.30
12/17/18,5.35,5.35,0.05,0.99,5.35,5.35,"230,952.00",37079,5.35,5.38,5.30
12/14/18,5.30,5.30,-0.06,-1.12,5.30,5.30,"235,707.00",50289,5.36,5.38,5.28
12/13/18,5.35,5.36,0.10,1.80,5.35,5.35,"232,574.00",78474,5.27,5.39,5.27
12/12/18,5.26,5.27,0.05,1.06,5.26,5.27,"230,516.00",51767,5.22,5.29,5.22
12/11/18,5.22,5.21,-0.04,-0.81,5.21,5.22,"236,315.00",59815,5.25,5.29,5.18
12/10/18,5.25,5.25,-0.06,-1.13,5.25,5.25,"243,935.00",48084,5.30,5.31,5.25
12/07/18,5.32,5.31,0.16,3.06,5.31,5.32,"240,762.00",48084,5.17,5.32,5.15
12/06/18,5.15,5.16,-0.07,-1.34,5.15,5.16,"240,486.00",82014,5.18,5.19,5.10
12/04/18,5.22,5.23,0.01,0.24,5.22,5.22,"240,585.00",47968,5.20,5.23,5.16
12/03/18,5.19,5.21,0.06,1.07,5.19,5.20,"240,616.00",63990,5.26,5.30,5.17
11/30/18,5.16,5.16,0.08,1.58,5.15,5.16,"242,072.00",68912,5.08,5.19,5.07
11/29/18,5.08,5.08,-0.04,-0.73,5.08,5.08,"232,257.00",53162,5.12,5.15,5.06
11/28/18,5.11,5.12,0.05,0.99,5.11,5.11,"228,688.00",64446,5.07,5.13,5.05
11/27/18,5.07,5.07,-0.07,-1.46,5.07,5.07,"216,486.00",72734,5.13,5.17,5.04
11/26/18,5.14,5.14,0.07,1.33,5.13,5.14,"213,125.00",72501,5.10,5.14,5.09
11/23/18,5.07,5.07,0.00,0.10,5.06,5.07,"208,400.00",61248,5.09,5.16,5.07
11/21/18,5.06,5.07,-0.02,-0.34,5.05,5.06,"202,965.00",48400,5.08,5.12,5.05
11/20/18,5.09,5.09,0.02,0.39,5.08,5.09,"197,876.00",45615,5.06,5.10,5.04
11/19/18,5.06,5.07,0.00,-0.05,5.06,5.06,"191,022.00",56815,5.15,5.15,5.03
11/16/18,5.07,5.07,0.01,0.25,5.07,5.07,"107,369.00",41461,5.05,5.09,5.03
11/15/18,5.06,5.06,0.02,0.50,5.05,5.06,"114,955.00",71987,5.03,5.09,5.03
11/14/18,5.04,5.03,-0.05,-0.94,5.04,5.04,"132,123.00",80899,5.08,5.11,5.01
11/13/18,5.07,5.08,-0.12,-2.31,5.07,5.07,"152,417.00",104436,5.18,5.21,5.06
11/12/18,5.19,5.20,0.18,3.54,5.18,5.19,"169,611.00",115466,5.03,5.21,5.01
11/09/18,5.02,5.02,-0.06,-1.13,5.02,5.03,"189,343.00",92760,5.08,5.08,5.01
11/08/18,5.07,5.08,-0.03,-0.49,5.07,5.08,"208,862.00",110059,5.10,5.17,5.03
11/07/18,5.10,5.10,-0.02,-0.34,5.10,5.10,"223,720.00",70287,5.13,5.14,5.07
11/06/18,5.11,5.12,0.05,0.94,5.11,5.12,"230,708.00",51325,5.07,5.14,5.06
11/05/18,5.07,5.07,-0.02,-0.29,5.07,5.07,"237,683.00",54254,5.11,5.12,5.04
11/02/18,5.09,5.09,0.01,0.15,5.09,5.09,"244,495.00",56556,5.07,5.10,5.03
11/01/18,5.07,5.08,0.08,1.50,5.07,5.07,"257,090.00",85216,5.01,5.10,5.01
10/31/18,5.01,5.01,0.01,0.15,5.01,5.01,"252,246.00",82416,5.00,5.02,4.90
10/30/18,5.00,5.00,-0.08,-1.48,5.00,5.00,"248,652.00",69051,5.06,5.08,4.97
10/29/18,5.07,5.07,0.02,0.40,5.07,5.07,"248,387.00",66037,5.10,5.15,5.03
10/26/18,5.05,5.05,0.18,3.69,5.05,5.05,"257,018.00",143195,4.87,5.07,4.87
10/25/18,4.86,4.87,-0.12,-2.45,4.86,4.86,"244,253.00",84387,5.00,5.00,4.86
10/24/18,5.00,5.00,-0.09,-1.87,5.00,5.01,"232,861.00",76184,5.10,5.11,4.97
10/23/18,5.09,5.09,0.01,0.20,5.09,5.09,"228,959.00",47851,5.08,5.11,5.05
10/22/18,5.09,5.08,-0.07,-1.31,5.08,5.09,"229,732.00",47980,5.14,5.14,5.07
10/19/18,5.14,5.15,0.02,0.34,5.14,5.15,"224,462.00",45873,5.13,5.19,5.11
10/18/18,5.13,5.13,-0.04,-0.87,5.13,5.13,"224,574.00",42084,5.16,5.20,5.11
10/17/18,5.17,5.18,-0.06,-1.15,5.17,5.17,"223,668.00",39427,5.24,5.25,5.16
10/16/18,5.23,5.24,-0.01,-0.29,5.23,5.24,"226,417.00",50816,5.26,5.27,5.21
10/15/18,5.25,5.25,0.08,1.50,5.25,5.25,"227,148.00",53487,5.19,5.26,5.15
10/12/18,5.18,5.17,0.09,1.82,5.18,5.18,"227,678.00",54233,5.08,5.19,5.07
10/11/18,5.07,5.08,-0.03,-0.49,5.07,5.08,"227,811.00",71251,5.11,5.21,5.07
10/10/18,5.10,5.11,-0.04,-0.87,5.10,5.11,"227,064.00",42673,5.17,5.18,5.10
10/09/18,5.16,5.15,0.01,0.19,5.16,5.16,"227,345.00",47599,5.14,5.21,5.11
10/08/18,5.13,5.14,-0.07,-1.34,5.13,5.13,"227,293.00",54161,5.24,5.26,5.13
10/05/18,5.23,5.21,0.03,0.58,5.23,5.23,"229,927.00",49345,5.18,5.25,5.17
10/04/18,5.18,5.18,0.03,0.53,5.18,5.18,"233,472.00",53592,5.16,5.21,5.14
10/03/18,5.15,5.15,-0.04,-0.77,5.15,5.15,"232,152.00",65957,5.21,5.27,5.14
10/02/18,5.20,5.19,0.10,1.91,5.20,5.21,"232,106.00",92439,5.11,5.25,5.05
10/01/18,5.11,5.10,0.00,0.10,5.11,5.11,"228,763.00",69142,5.10,5.15,5.06
09/28/18,5.11,5.09,-0.04,-0.78,5.11,5.11,"222,510.00",74077,5.13,5.18,5.06
09/27/18,5.13,5.13,-0.04,-0.87,5.13,5.13,"222,555.00",58588,5.18,5.23,5.11
09/26/18,5.18,5.18,-0.03,-0.62,5.18,5.18,"219,119.00",46386,5.21,5.27,5.17
09/25/18,5.21,5.21,-0.06,-1.19,5.21,5.21,"219,132.00",62771,5.25,5.26,5.16
09/24/18,5.26,5.27,0.05,1.01,5.26,5.27,"219,023.00",55279,5.22,5.31,5.20
09/21/18,5.23,5.22,-0.02,-0.43,5.23,5.23,"227,072.00",43332,5.21,5.24,5.15
09/20/18,5.22,5.24,0.02,0.29,5.22,5.23,"227,679.00",58421,5.23,5.26,5.16
09/19/18,5.23,5.23,0.12,2.35,5.23,5.23,"228,156.00",59629,5.11,5.23,5.11
09/18/18,5.11,5.11,0.04,0.84,5.11,5.11,"229,017.00",58176,5.06,5.14,5.06
09/17/18,5.08,5.06,-0.05,-1.03,5.08,5.08,"229,952.00",72042,5.14,5.18,5.06
09/14/18,5.12,5.12,0.15,2.92,5.11,5.12,"226,612.00",86639,4.97,5.14,4.96
09/13/18,4.97,4.97,-0.10,-1.92,4.97,4.97,"225,169.00",87162,5.05,5.10,4.95
09/12/18,5.06,5.07,-0.12,-2.31,5.06,5.07,"222,378.00",130565,5.19,5.29,5.00
09/11/18,5.18,5.19,-0.09,-1.80,5.18,5.18,"222,647.00",57172,5.29,5.33,5.17
09/10/18,5.29,5.28,0.17,3.33,5.29,5.29,"220,190.00",66033,5.12,5.29,5.08
09/07/18,5.13,5.11,-0.03,-0.49,5.13,5.13,"217,883.00",63766,5.13,5.15,5.08
09/06/18,5.15,5.14,-0.08,-1.53,5.14,5.15,"218,777.00",63766,5.22,5.25,5.13
09/05/18,5.22,5.22,-0.10,-1.83,5.22,5.22,"218,802.00",59341,5.32,5.38,5.21
09/04/18,5.32,5.32,-0.14,-2.57,5.32,5.32,"217,848.00",106960,5.38,5.43,5.20
08/31/18,5.47,5.46,0.11,1.96,5.47,5.47,"215,606.00",66380,5.36,5.48,5.35
08/30/18,5.35,5.35,-0.07,-1.25,5.35,5.36,"217,130.00",76094,5.45,5.50,5.30
08/29/18,5.42,5.42,0.19,3.54,5.42,5.42,"214,064.00",121361,5.23,5.45,5.21
08/28/18,5.23,5.23,0.01,0.14,5.23,5.24,"216,516.00",80926,5.23,5.29,5.19
08/27/18,5.24,5.23,-0.14,-2.61,5.24,5.24,"216,474.00",81364,5.36,5.36,5.22
08/24/18,5.35,5.37,-0.05,-0.97,5.35,5.35,"210,605.00",72500,5.42,5.42,5.35
08/23/18,5.43,5.42,-0.03,-0.64,5.43,5.43,"209,683.00",77644,5.51,5.55,5.36
08/22/18,5.48,5.45,-0.03,-0.46,5.47,5.48,"209,685.00",73358,5.47,5.53,5.40
08/21/18,5.48,5.48,-0.15,-2.62,5.48,5.48,"207,902.00",74424,5.65,5.65,5.47
08/20/18,5.63,5.63,-0.17,-2.98,5.63,5.63,"204,002.00",63709,5.82,5.83,5.60
08/17/18,5.79,5.80,0.18,3.16,5.79,5.80,"202,704.00",61954,5.62,5.83,5.55
08/16/18,5.62,5.62,0.10,1.86,5.62,5.62,"201,759.00",58914,5.52,5.68,5.51
08/15/18,5.52,5.52,0.10,1.85,5.52,5.53,"200,477.00",86499,5.61,5.63,5.49
08/14/18,5.41,5.42,0.08,1.55,5.41,5.42,"88,658.00",58391,5.35,5.44,5.32
08/13/18,5.37,5.34,-0.13,-2.42,5.36,5.37,"112,547.00",94158,5.47,5.50,5.31
08/10/18,5.47,5.47,-0.18,-3.14,5.47,5.47,"123,435.00",113918,5.65,5.74,5.46
08/09/18,5.64,5.65,-0.06,-0.96,5.64,5.64,"137,871.00",87215,5.71,5.74,5.62
08/08/18,5.71,5.70,0.02,0.31,5.71,5.71,"149,005.00",91814,5.70,5.78,5.65
08/07/18,5.68,5.68,-0.06,-1.09,5.68,5.68,"149,004.00",106029,5.75,5.86,5.64
08/06/18,5.74,5.75,0.18,3.28,5.74,5.74,"159,801.00",75848,5.55,5.76,5.52
08/03/18,5.59,5.56,-0.04,-0.76,5.59,5.59,"169,582.00",78469,5.63,5.68,5.54
08/02/18,5.62,5.61,0.02,0.40,5.62,5.62,"179,555.00",150993,5.60,5.93,5.59
08/01/18,5.59,5.58,,,5.59,5.59,"179,246.00",100631,5.55,5.66,5.51